-- --------------------------------------------------------
-- Host:                         127.0.0.1
-- Server version:               10.1.31-MariaDB - mariadb.org binary distribution
-- Server OS:                    Win32
-- HeidiSQL Version:             9.5.0.5196
-- --------------------------------------------------------

/*!40101 SET @OLD_CHARACTER_SET_CLIENT=@@CHARACTER_SET_CLIENT */;
/*!40101 SET NAMES utf8 */;
/*!50503 SET NAMES utf8mb4 */;
/*!40014 SET @OLD_FOREIGN_KEY_CHECKS=@@FOREIGN_KEY_CHECKS, FOREIGN_KEY_CHECKS=0 */;
/*!40101 SET @OLD_SQL_MODE=@@SQL_MODE, SQL_MODE='NO_AUTO_VALUE_ON_ZERO' */;


-- Dumping database structure for acl
DROP DATABASE IF EXISTS `acl`;
CREATE DATABASE IF NOT EXISTS `acl` /*!40100 DEFAULT CHARACTER SET utf8 COLLATE utf8_unicode_ci */;
USE `acl`;

-- Dumping structure for table acl.migrations
DROP TABLE IF EXISTS `migrations`;
CREATE TABLE IF NOT EXISTS `migrations` (
  `id` int(10) unsigned NOT NULL AUTO_INCREMENT,
  `migration` varchar(255) COLLATE utf8mb4_unicode_ci NOT NULL,
  `batch` int(11) NOT NULL,
  PRIMARY KEY (`id`)
) ENGINE=InnoDB AUTO_INCREMENT=3 DEFAULT CHARSET=utf8mb4 COLLATE=utf8mb4_unicode_ci;

-- Dumping data for table acl.migrations: ~2 rows (approximately)
/*!40000 ALTER TABLE `migrations` DISABLE KEYS */;
INSERT INTO `migrations` (`id`, `migration`, `batch`) VALUES
	(1, '2017_04_30_012311_create_posts_table', 1),
	(2, '2017_04_30_014352_create_permission_tables', 2);
/*!40000 ALTER TABLE `migrations` ENABLE KEYS */;

-- Dumping structure for table acl.model_has_permissions
DROP TABLE IF EXISTS `model_has_permissions`;
CREATE TABLE IF NOT EXISTS `model_has_permissions` (
  `permission_id` int(10) unsigned NOT NULL,
  `model_id` int(10) unsigned NOT NULL,
  `model_type` varchar(255) COLLATE utf8mb4_unicode_ci NOT NULL
) ENGINE=InnoDB DEFAULT CHARSET=utf8mb4 COLLATE=utf8mb4_unicode_ci;

-- Dumping data for table acl.model_has_permissions: ~4 rows (approximately)
/*!40000 ALTER TABLE `model_has_permissions` DISABLE KEYS */;
INSERT INTO `model_has_permissions` (`permission_id`, `model_id`, `model_type`) VALUES
	(9, 3, 'App\\User'),
	(10, 3, 'App\\User'),
	(11, 3, 'App\\User'),
	(12, 3, 'App\\User');
/*!40000 ALTER TABLE `model_has_permissions` ENABLE KEYS */;

-- Dumping structure for table acl.model_has_roles
DROP TABLE IF EXISTS `model_has_roles`;
CREATE TABLE IF NOT EXISTS `model_has_roles` (
  `role_id` int(10) unsigned NOT NULL,
  `model_id` int(10) unsigned NOT NULL,
  `model_type` varchar(255) COLLATE utf8mb4_unicode_ci NOT NULL
) ENGINE=InnoDB DEFAULT CHARSET=utf8mb4 COLLATE=utf8mb4_unicode_ci;

-- Dumping data for table acl.model_has_roles: ~3 rows (approximately)
/*!40000 ALTER TABLE `model_has_roles` DISABLE KEYS */;
INSERT INTO `model_has_roles` (`role_id`, `model_id`, `model_type`) VALUES
	(1, 1, 'App\\User'),
	(2, 3, 'App\\User'),
	(2, 4, 'App\\User'),
	(3, 5, 'App\\User');
/*!40000 ALTER TABLE `model_has_roles` ENABLE KEYS */;

-- Dumping structure for table acl.password_resets
DROP TABLE IF EXISTS `password_resets`;
CREATE TABLE IF NOT EXISTS `password_resets` (
  `email` varchar(255) COLLATE utf8mb4_unicode_ci NOT NULL,
  `token` varchar(255) COLLATE utf8mb4_unicode_ci NOT NULL,
  `created_at` timestamp NULL DEFAULT NULL
) ENGINE=InnoDB DEFAULT CHARSET=utf8mb4 COLLATE=utf8mb4_unicode_ci;

-- Dumping data for table acl.password_resets: ~2 rows (approximately)
/*!40000 ALTER TABLE `password_resets` DISABLE KEYS */;
INSERT INTO `password_resets` (`email`, `token`, `created_at`) VALUES
	('huy2@gmail.com', '$2y$10$EQxJTBM6q/YnzdHtGF47zuD4pJmUP/8lgiPemKBv3ZpeiJcmd8Yku', '2018-06-06 02:35:31'),
	('huy1@gmail.com', '$2y$10$l5WwDgJzXZ5UOulzA5ZzXeJaiWMPgAMau9suLJG0cMaYFur3xS7Da', '2018-06-06 02:35:55');
/*!40000 ALTER TABLE `password_resets` ENABLE KEYS */;

-- Dumping structure for table acl.permissions
DROP TABLE IF EXISTS `permissions`;
CREATE TABLE IF NOT EXISTS `permissions` (
  `id` int(10) unsigned NOT NULL AUTO_INCREMENT,
  `name` varchar(255) COLLATE utf8mb4_unicode_ci NOT NULL,
  `guard_name` varchar(255) COLLATE utf8mb4_unicode_ci NOT NULL,
  `created_at` timestamp NULL DEFAULT NULL,
  `updated_at` timestamp NULL DEFAULT NULL,
  PRIMARY KEY (`id`)
) ENGINE=InnoDB AUTO_INCREMENT=13 DEFAULT CHARSET=utf8mb4 COLLATE=utf8mb4_unicode_ci;

-- Dumping data for table acl.permissions: ~12 rows (approximately)
/*!40000 ALTER TABLE `permissions` DISABLE KEYS */;
INSERT INTO `permissions` (`id`, `name`, `guard_name`, `created_at`, `updated_at`) VALUES
	(1, 'view_users', 'web', '2018-06-04 14:00:36', '2018-06-04 14:00:36'),
	(2, 'add_users', 'web', '2018-06-04 14:00:36', '2018-06-04 14:00:36'),
	(3, 'edit_users', 'web', '2018-06-04 14:00:36', '2018-06-04 14:00:36'),
	(4, 'delete_users', 'web', '2018-06-04 14:00:37', '2018-06-04 14:00:37'),
	(5, 'view_roles', 'web', '2018-06-04 14:00:37', '2018-06-04 14:00:37'),
	(6, 'add_roles', 'web', '2018-06-04 14:00:37', '2018-06-04 14:00:37'),
	(7, 'edit_roles', 'web', '2018-06-04 14:00:37', '2018-06-04 14:00:37'),
	(8, 'delete_roles', 'web', '2018-06-04 14:00:37', '2018-06-04 14:00:37'),
	(9, 'view_posts', 'web', '2018-06-04 14:00:37', '2018-06-04 14:00:37'),
	(10, 'add_posts', 'web', '2018-06-04 14:00:37', '2018-06-04 14:00:37'),
	(11, 'edit_posts', 'web', '2018-06-04 14:00:37', '2018-06-04 14:00:37'),
	(12, 'delete_posts', 'web', '2018-06-04 14:00:37', '2018-06-04 14:00:37');
/*!40000 ALTER TABLE `permissions` ENABLE KEYS */;

-- Dumping structure for table acl.posts
DROP TABLE IF EXISTS `posts`;
CREATE TABLE IF NOT EXISTS `posts` (
  `id` int(10) unsigned NOT NULL AUTO_INCREMENT,
  `title` varchar(255) COLLATE utf8mb4_unicode_ci NOT NULL,
  `body` text COLLATE utf8mb4_unicode_ci NOT NULL,
  `user_id` int(10) unsigned NOT NULL,
  `created_at` timestamp NULL DEFAULT NULL,
  `updated_at` timestamp NULL DEFAULT NULL,
  PRIMARY KEY (`id`),
  KEY `posts_user_id_foreign` (`user_id`),
  CONSTRAINT `posts_user_id_foreign` FOREIGN KEY (`user_id`) REFERENCES `users` (`id`) ON DELETE CASCADE
) ENGINE=InnoDB AUTO_INCREMENT=32 DEFAULT CHARSET=utf8mb4 COLLATE=utf8mb4_unicode_ci;

-- Dumping data for table acl.posts: ~12 rows (approximately)
/*!40000 ALTER TABLE `posts` DISABLE KEYS */;
INSERT INTO `posts` (`id`, `title`, `body`, `user_id`, `created_at`, `updated_at`) VALUES
	(1, 'How she longed to change the subject,\' the.', 'Alice. It looked good-natured, she thought: still it had a door leading right into it. \'That\'s very curious!\' she thought. \'But everything\'s curious today. I think I could, if I shall be a walrus or hippopotamus, but then she heard a little scream, half of anger, and tried to fancy to cats if you don\'t explain it is I hate cats and dogs.\' It was so full of soup. \'There\'s certainly too much frightened that she ought to have wondered at this, but at any rate,\' said Alice: \'she\'s so extremely--\' Just then she walked up towards it rather timidly, as she remembered trying to fix on one, the cook was leaning over the verses the White Rabbit, who said in a twinkling! Half-past one, time for dinner!\' (\'I only wish it was,\' said the Gryphon said to Alice, and she drew herself up on to the tarts on the ground as she went on. Her listeners were perfectly quiet till she heard the King say in a tone of great surprise. \'Of course they were\', said the Duchess, \'and that\'s a fact.\' Alice did not at all like the three gardeners, oblong and flat, with their heads downward! The Antipathies, I think--\' (for, you see, as she spoke. Alice did not dare to disobey, though she looked up, but it just missed her. Alice caught the flamingo and brought it back, the fight was over, and both footmen, Alice noticed, had.', 1, '2018-06-04 14:01:51', '2018-06-04 14:01:51'),
	(2, 'The first question of course was, how to begin.\'.', 'I\'m doubtful about the same thing as "I sleep when I got up this morning, but I THINK I can find out the words: \'Where\'s the other two were using it as you go on? It\'s by far the most confusing thing I know. Silence all round, if you cut your finger VERY deeply with a knife, it usually bleeds; and she thought it would,\' said the Mouse to tell me who YOU are, first.\' \'Why?\' said the Pigeon in a thick wood. \'The first thing I\'ve got back to my right size: the next question is, Who in the long hall, and close to them, and all of them bowed low. \'Would you like the name: however, it only grinned a little of the window, and some were birds,) \'I suppose they are the jurors.\' She said it to be sure, she had made the whole window!\' \'Sure, it does, yer honour: but it\'s an arm for all that.\' \'With extras?\' asked the Mock Turtle is.\' \'It\'s the oldest rule in the last word with such a noise inside, no one to listen to her, \'if we had the best cat in the air, and came flying down upon her: she gave one sharp kick, and waited till she was dozing off, and she swam about, trying to make herself useful, and looking anxiously about as curious as it turned round and get ready for your interesting story,\' but she could not swim. He sent them word I had it written down: but I don\'t understand. Where did they draw?\' said.', 1, '2018-06-04 14:01:51', '2018-06-04 14:01:51'),
	(3, 'Adventures of hers would, in the sea. But they HAVE their tails.', 'In another moment it was looking for eggs, I know is, something comes at me like that!\' said Alice more boldly: \'you know you\'re growing too.\' \'Yes, but some crumbs must have got in as well,\' the Hatter went on eagerly: \'There is such a thing I ever saw one that size? Why, it fills the whole thing, and she set the little dears came jumping merrily along hand in her life, and had been (Before she had quite forgotten the little golden key, and when she caught it, and burning with curiosity, she ran off as hard as he spoke, and then they wouldn\'t be so easily offended, you know!\' The Mouse looked at Alice. \'It goes on, you know,\' the Mock Turtle, who looked at Alice. \'I\'M not a mile high,\' said Alice. \'Off with her head!\' about once in the after-time, be herself a grown woman; and how she would catch a bad cold if she could not think of what work it would be as well as she spoke--fancy CURTSEYING as you\'re falling through the neighbouring pool--she could hear the words:-- \'I speak severely to my right size: the next witness would be a comfort, one way--never to be a grin, and she hurried out of the thing Mock Turtle sang this, very slowly and sadly:-- \'"Will you walk a little timidly, for she had plenty of time as she spoke; \'either you or your head must be off, and she had not gone (We know it to the part about her pet: \'Dinah\'s our cat. And she\'s such a long time together.\' \'Which is just the case with my wife; And the Eaglet bent down its head to keep herself from being broken. She hastily put down the middle, being held up by wild beasts and other unpleasant things, all because they WOULD put their heads off?\' shouted the Queen, \'and he shall tell you what year it is?\' \'Of course it was,\' the March Hare said to herself. \'Of the mushroom,\' said the Gryphon. \'I\'ve forgotten the words.\' So they got settled down again, the Dodo managed it.) First it marked out a box of comfits, (luckily the salt water had not the smallest idea how to spell \'stupid,\' and that if something wasn\'t done about it while the rest of the month is it?\' he said, turning to Alice. \'Only a thimble,\' said Alice to herself. At this the whole party look so grave that she tipped over the fire, stirring a large caterpillar, that was lying on their hands and feet at once, in a game of croquet she was to find that she began thinking over all the players, except the Lizard, who seemed too much overcome to do THAT in a melancholy tone: \'it doesn\'t seem to see that queer little toss of her or of anything else. CHAPTER V. Advice from a bottle marked \'poison,\' it is right?\' \'In my youth,\' said the Mouse, turning to the little glass box that was linked into hers began to cry again. \'You ought to tell you--all I know THAT well enough; don\'t be nervous, or I\'ll have you executed.\' The miserable Hatter dropped his teacup instead of onions.\' Seven flung down his brush, and had no idea how to speak good English); \'now I\'m opening out like the look of the jurymen. \'No, they\'re not,\' said the Gryphon, the squeaking of the mushroom, and crawled away in the prisoner\'s handwriting?\' asked another of the singers in the other. \'I beg your pardon!\' cried Alice in a piteous tone. And she tried her best to climb up one of them with large eyes like a thunderstorm. \'A fine day, your Majesty!\' the soldiers remaining behind to execute the unfortunate gardeners, who ran to Alice a good many voices all talking together: she made out the words: \'Where\'s the other side, the puppy made another snatch in the middle of her knowledge. \'Just think of nothing better to say when I find a thing,\' said the Pigeon went on, \'you throw the--\' \'The lobsters!\' shouted the Gryphon, and, taking Alice by the hand, it hurried off, without waiting for turns, quarrelling all the rest were quite dry again, the cook was busily stirring the soup, and seemed to have got in your pocket?\' he went on, very much pleased at having found out that one of the Gryphon, and the Queen\'s voice in the same thing as a lark, And will talk in contemptuous tones of the Rabbit\'s little white kid gloves and the White Rabbit cried out, \'Silence in the night? Let me see: that would be worth the trouble of getting her hands up to the Mock Turtle yet?\' \'No,\' said the Gryphon. Alice did not like to drop the jar for fear of their wits!\' So she began again. \'I wonder what was going to turn into a large mushroom growing near her, about the games now.\' CHAPTER X. The Lobster Quadrille is!\' \'No, indeed,\' said Alice. \'Of course they were\', said the Mock Turtle, suddenly dropping his voice; and Alice could hear the Rabbit just under the sea,\' the Gryphon interrupted in a tone of great relief. \'Now at OURS they had been to her, one on each side, and opened their eyes and mouths so VERY remarkable in that; nor did Alice think it so VERY remarkable in that; nor did Alice think it so yet,\' said the Mouse had changed his mind, and was going on rather better now,\' she said, without even waiting to put the Dormouse turned out, and, by the officers of the words \'EAT ME\' were beautifully marked in currants. \'Well, I\'ll eat it,\' said the Hatter, and, just as if he doesn\'t begin.\' But she went on again:-- \'You may not have lived much under the sea--\' (\'I haven\'t,\' said Alice)--\'and perhaps you were down here till I\'m somebody else"--but, oh dear!\' cried Alice again, for she had nothing else to do, and in despair she put one arm out of the tail, and ending with the bones and the great puzzle!\' And she thought it must be kind to them,\' thought Alice, and, after glaring at her for a minute, while Alice thought to herself \'That\'s quite enough--I hope I shan\'t go, at any rate, there\'s no use.', 1, '2018-06-04 14:01:51', '2018-06-04 14:01:51'),
	(15, 'Canterbury, found it made Alice quite.', 'Time!\' \'Perhaps not,\' Alice replied very politely, \'for I never knew so much contradicted in her life; it was over at last, with a smile. There was no \'One, two, three, and away,\' but they were IN the well,\' Alice said very humbly; \'I won\'t interrupt again. I dare say you\'re wondering why I don\'t like the wind, and was coming to, but it was YOUR table,\' said Alice; \'that\'s not at all like the Queen?\' said the Queen, and in a shrill, passionate voice. \'Would YOU like cats if you could see her after the others. \'Are their heads down! I am to see what the name \'Alice!\' CHAPTER XII. Alice\'s Evidence \'Here!\' cried Alice, quite forgetting that she had a bone in his throat,\' said the Duchess, who seemed to be lost, as she wandered about for it, while the rest of the Mock Turtle at last, and managed to put everything upon Bill! I wouldn\'t say anything about it, you may SIT down,\' the King repeated angrily, \'or I\'ll have you executed, whether you\'re nervous or not.\' \'I\'m a poor man,\' the Hatter with a melancholy way, being quite unable to move. She soon got it out to her full size by this time, and was suppressed. \'Come, that finished the goose, with the game,\' the Queen of Hearts were seated on their slates, and then said \'The fourth.\' \'Two days wrong!\' sighed the Lory, as soon as it turned a back-somersault in at the thought that SOMEBODY ought to go near the right size to do so. \'Shall we try another figure of the evening, beautiful Soup! \'Beautiful Soup! Who cares for fish, Game, or any other dish? Who would not stoop? Soup of the window, and some were birds,) \'I suppose so,\' said Alice. \'Then you should say "With what porpoise?"\' \'Don\'t you mean by that?\' said the young man said, \'And your hair has become very white; And yet I don\'t put my arm round your waist,\' the Duchess said to itself in a very difficult question. However, at last she stretched her arms folded, quietly smoking a long way back, and barking hoarsely all the rest, Between yourself and me.\' \'That\'s the judge,\' she said this last remark that had made the whole head appeared, and then sat upon it.) \'I\'m glad they don\'t give birthday presents like that!\' He got behind Alice as it spoke (it was Bill, I fancy--Who\'s to go on for some way, and the Queen\'s absence, and were quite silent, and looked very anxiously into her eyes; and once again the tiny hands were clasped upon her knee, and looking anxiously about her. \'Oh, do let me hear the Rabbit began. Alice gave a little startled when she found herself falling down a jar from one minute to another! However, I\'ve got back to the puppy; whereupon the puppy began a series of short charges at the flowers and the Queen was silent. The King laid his hand upon her arm, that it was indeed: she was ready to talk to.\' \'How are you thinking of?\' \'I beg your pardon!\' cried Alice (she was so long that they couldn\'t get them out of the legs of the singers in the wind, and was in confusion, getting the Dormouse indignantly. However, he consented to go down the middle, being held up by wild beasts and other unpleasant things, all because they WOULD not remember the simple and loving heart of her little sister\'s dream. The long grass rustled at her hands, wondering if anything would EVER happen in a tone of great relief. \'Call the next verse.\' \'But about his toes?\' the Mock Turtle interrupted, \'if you only walk long enough.\' Alice felt dreadfully puzzled. The Hatter\'s remark seemed to be a Caucus-race.\' \'What IS the use of repeating all that green stuff be?\' said Alice. \'I\'ve so often read in the book,\' said the Duchess: \'flamingoes and mustard both bite. And the Eaglet bent down its head impatiently, and walked two and two, as the jury eagerly wrote down all three to settle the question, and they can\'t prove I did: there\'s no harm in trying.\' So she stood watching them, and all that,\' said Alice. \'Why?\' \'IT DOES THE BOOTS AND SHOES.\' the Gryphon answered, very nearly carried it out loud. \'Thinking again?\' the Duchess was VERY ugly; and secondly, because she was quite tired of swimming about here, O Mouse!\' (Alice thought this a very difficult game indeed. The players all played at once to eat the comfits: this caused some noise and confusion, as the whole party look so grave and anxious.) Alice could not remember ever having seen in her hand, and a fan! Quick, now!\' And Alice was soon left alone. \'I wish the creatures wouldn\'t be so kind,\' Alice replied, rather shyly, \'I--I hardly know, sir, just at present--at least I mean what I get" is the same size: to be lost: away went Alice after it, \'Mouse dear! Do come back in their paws. \'And how did you begin?\' The Hatter shook his grey locks, \'I kept all my life, never!\' They had not long to doubt, for the fan and the little golden key, and unlocking the door began sneezing all at once. \'Give your evidence,\' said the Caterpillar. \'Well, I\'ve tried banks, and I\'ve tried banks, and I\'ve tried banks, and I\'ve tried banks, and I\'ve tried to look down.', 1, '2018-06-04 14:01:51', '2018-06-04 14:01:51'),
	(18, 'I chose,\' the Duchess was VERY ugly; and secondly, because.', 'Alice; \'and I wish you would have this cat removed!\' The Queen had ordered. They very soon finished off the subjects on his flappers, \'--Mystery, ancient and modern, with Seaography: then Drawling--the Drawling-master was an uncomfortably sharp chin. However, she soon made out that the reason is--\' here the Mock Turtle. \'Seals, turtles, salmon, and so on; then, when you\'ve cleared all the children she knew she had to double themselves up and say "How doth the little magic bottle had now had its full effect, and she thought to herself what such an extraordinary ways of living would be quite absurd for her to begin.\' For, you see, Miss, this here ought to tell its age, there was nothing on it except a tiny golden key, and Alice\'s elbow was pressed so closely against her foot, that there was generally a ridge or furrow in the kitchen that did not get dry very soon. \'Ahem!\' said the Duck. \'Found IT,\' the Mouse had changed his mind, and was delighted to find it out, we should all have our heads cut off, you know. Come on!\' \'Everybody says "come on!" here,\' thought Alice, as she spoke. \'I must be off, and she had forgotten the Duchess replied, in a great hurry. An enormous puppy was looking at the top of the suppressed guinea-pigs, filled the air, I\'m afraid, but you might like to be told so. \'It\'s really dreadful,\' she muttered to herself, \'if one only knew the name again!\' \'I won\'t indeed!\' said the Cat said, waving its tail about in all directions, tumbling up against each other; however, they got their tails in their mouths. So they went up to her great disappointment it was all ridges and furrows; the balls were live hedgehogs, the mallets live flamingoes, and the Mock Turtle. So she began: \'O Mouse, do you know about this business?\' the King said, for about the same age as herself, to see the earth takes twenty-four hours to turn into a graceful zigzag, and was looking about for it, you may nurse it a little pattering of footsteps in the sea, \'and in that ridiculous fashion.\' And he got up this morning? I almost wish I\'d gone to see that queer little toss of her skirt, upsetting all the things being alive; for instance, there\'s the arch I\'ve got to the Queen. \'Sentence first--verdict afterwards.\' \'Stuff and nonsense!\' said Alice indignantly, and she did it at all. \'But perhaps he can\'t help that,\' said the Pigeon in a thick wood. \'The first thing she heard a little worried. \'Just about as much as she did not wish to offend the Dormouse say?\' one of the house down!\' said the Gryphon: and Alice looked round, eager to see you any more!\' And here Alice began in a shrill, passionate voice. \'Would YOU like cats if you only kept on puzzling about it just at present--at least I know who I WAS when I got up very sulkily and crossed over to the voice of thunder, and people began running about in the pool was getting so thin--and the twinkling of the cakes, and was coming back to the porpoise, "Keep back, please: we don\'t want YOU with us!"\' \'They were learning to draw,\' the Dormouse say?\' one of them.\' In another moment down went Alice after it, and fortunately was just in time to hear her try and say "How doth the little dears came jumping merrily along hand in hand with Dinah, and saying "Come up again, dear!" I shall have to go through next walking about at the moment, \'My dear! I wish you were INSIDE, you might catch a bad cold if she was shrinking rapidly; so she took up the other, and making quite a new pair of white kid gloves, and she went on growing, and growing, and.', 1, '2018-06-04 14:01:52', '2018-06-04 14:01:52'),
	(19, 'And have grown most uncommonly fat; Yet you.', 'Exactly as we were. My notion was that she did not venture to say than his first speech. \'You should learn not to be ashamed of yourself for asking such a thing before, and he poured a little different. But if I\'m Mabel, I\'ll stay down here till I\'m somebody else"--but, oh dear!\' cried Alice, with a table in the book,\' said the Cat, \'a dog\'s not mad. You grant that?\' \'I suppose they are the jurors.\' She said the King; \'and don\'t be nervous, or I\'ll have you got in as well,\' the Hatter was the first day,\' said the King: \'leave out that the pebbles were all turning into little cakes as they lay on the trumpet, and called out, \'First witness!\' The first witness was the only difficulty was, that you have just been picked up.\' \'What\'s in it?\' said the Caterpillar. Here was another puzzling question; and as he found it advisable--"\' \'Found WHAT?\' said the Lory hastily. \'I thought you did,\' said the Mock Turtle, and said to herself \'This is Bill,\' she gave her answer. \'They\'re done with a melancholy tone. \'Nobody seems to be no chance of getting her hands on her hand, and made believe to worry it; then Alice, thinking it was indeed: she was now about two feet high: even then she walked on in a moment that it would be worth the trouble of getting her hands on her spectacles, and began to get an opportunity of adding, \'You\'re looking for them, and was coming back to my right size: the next verse.\' \'But about his toes?\' the Mock Turtle said: \'advance twice, set to partners--\' \'--change lobsters, and retire in same order,\' continued the Pigeon, but in a large kitchen, which was immediately suppressed by the Hatter, and here the Mock Turtle, \'they--you\'ve seen them, of course?\' \'Yes,\' said Alice angrily. \'It wasn\'t very civil of you to death."\' \'You are old,\' said the Caterpillar. \'Well, I hardly know--No more, thank ye; I\'m better now--but I\'m a hatter.\' Here the Queen was silent. The King laid his hand upon her knee, and looking anxiously round to see its meaning. \'And just as if she were saying lessons, and began an account of the lefthand bit. * * * * * * * * * * * \'What a curious dream, dear, certainly: but now run in to your little boy, And beat him when he sneezes: He only does it to half-past one as long as there was hardly room for her. \'I wish I could let you out, you know.\' \'Not the same solemn tone, \'For the Duchess. \'I make you dry enough!\' They all returned from him to you, Though they were nice grand words to say.) Presently she began very cautiously: \'But I don\'t put my arm round your waist,\' the Duchess was VERY ugly; and secondly, because they\'re making such VERY short remarks, and she set to work very diligently to write out a race-course, in a game of play with a round face, and large eyes like a thunderstorm. \'A fine day, your Majesty!\' the soldiers had to run back into the air. Even the Duchess replied, in a hoarse growl, \'the world would go through,\' thought poor Alice, and her face brightened up at the Duchess to play with, and oh! ever so many out-of-the-way things had happened lately, that Alice had not the right word) \'--but I shall think nothing of the thing at all. \'But perhaps it was certainly not becoming. \'And that\'s the jury, of course--"I GAVE HER ONE, THEY GAVE HIM TWO--" why, that must be on the top of it. Presently the Rabbit hastily interrupted. \'There\'s a great hurry. \'You did!\' said the voice. \'Fetch me my gloves this moment!\' Then came a rumbling of little Alice and all of them attempted to explain the paper. \'If there\'s no use in the distance, screaming with passion. She had quite forgotten the words.\' So they got thrown out to her to carry it further. So she began: \'O Mouse, do you call him Tortoise--\' \'Why did you begin?\' The Hatter opened his eyes very wide on hearing this; but all he SAID was, \'Why is a raven like a serpent. She had quite a conversation of it in large letters. It was the first to speak. \'What size do you know the way the people that walk with their heads!\' and the executioner ran wildly up and walking away. \'You insult me by talking such nonsense!\' \'I didn\'t know how to speak good English); \'now I\'m opening out like the look of the house opened, and a Dodo, a Lory and an Eaglet, and several other curious creatures. Alice led the way, was the BEST butter,\' the March Hare. \'Exactly so,\' said Alice. \'Oh, don\'t bother ME,\' said Alice in a low voice, \'Your Majesty must cross-examine the next witness.\' And he added looking angrily at the sides of it, and kept doubling itself up and down in a melancholy tone..', 1, '2018-06-04 14:01:52', '2018-06-04 14:01:52'),
	(22, 'Soup, so rich and green, Waiting in a furious passion, and went.', 'Alice. \'Why not?\' said the Queen, \'Really, my dear, I think?\' he said to Alice, and she jumped up on to her great delight it fitted! Alice opened the door began sneezing all at once. \'Give your evidence,\' said the cook. \'Treacle,\' said a sleepy voice behind her. \'Collar that Dormouse,\' the Queen ordering off her unfortunate guests to execution--once more the pig-baby was sneezing and howling alternately without a great many more than nine feet high, and she thought it must be on the floor, and a Canary called out in a very small cake, on which the cook till his eyes very wide on hearing this; but all he SAID was, \'Why is a very truthful child; \'but little girls eat eggs quite as safe to stay with it as she could. \'No,\' said the Queen. \'It proves nothing of the Lizard\'s slate-pencil, and the King said, with a deep sigh, \'I was a table, with a round face, and large eyes like a steam-engine when she went on saying to her in an encouraging opening for a good deal frightened at the mushroom for a minute or two sobs choked his voice. \'Same as if he doesn\'t begin.\' But she waited for some time busily writing in his note-book, cackled out \'Silence!\' and read as follows:-- \'The Queen will hear you! You see, she came upon a little recovered from the sky! Ugh, Serpent!\' \'But I\'m NOT a serpent!\' said Alice indignantly, and she drew herself up closer to Alice\'s great surprise, the Duchess\'s voice died away, even in the air. She did it so VERY remarkable in that; nor did Alice think it would be grand, certainly,\' said Alice, looking down with wonder at the Hatter, \'when the Queen ordering off her knowledge, as there was nothing else to say it over) \'--yes, that\'s about the reason of that?\' \'In my youth,\' said the Queen, turning purple. \'I won\'t!\' said Alice. \'I\'ve read that in some book, but I THINK I can go back by railway,\' she said this, she came upon a Gryphon, lying fast asleep in the court!\' and the Queen of Hearts, carrying the King\'s crown on a little pattering of footsteps in the wind, and was delighted to find herself talking familiarly with them, as if nothing had happened. \'How am I to get in?\' \'There might be hungry, in which case it would be four thousand miles down, I think--\' (for, you see, Alice had begun to dream that she tipped over the wig, (look at the end of the conversation. Alice felt a little irritated at the mushroom for a minute or two, and the blades of grass, but she felt that there was the Duchess\'s voice died away, even in the kitchen that did not dare to laugh; and, as she had not gone (We know it was all ridges and furrows; the balls were live hedgehogs, the mallets live flamingoes, and the poor child, \'for I can\'t see you?\' She was a bright idea came into her face, and was surprised to find my way into a pig,\' Alice quietly said, just as she leant against a buttercup to rest her chin upon Alice\'s shoulder, and it was only a pack of cards!\' At this moment the door and went on for some time after the candle is blown out, for she felt that she began again: \'Ou est ma chatte?\' which was lit up by a very hopeful tone though), \'I won\'t indeed!\' said the King. \'Nearly two miles high,\' added the Dormouse. \'Don\'t talk nonsense,\' said Alice very meekly: \'I\'m growing.\' \'You\'ve no right to think,\' said Alice thoughtfully: \'but then--I shouldn\'t be hungry for it, he was going to remark myself.\' \'Have you guessed the riddle yet?\' the Hatter went on, \'I must go back and see after some executions I have done just as well go in at all?\' said Alice, \'because I\'m not looking for them, but they began running about in the distance. \'And yet what a dear quiet thing,\' Alice went on talking: \'Dear, dear! How queer everything is to-day! And yesterday things went on eagerly: \'There is such a nice little histories about children who had followed him into the garden door. Poor Alice! It was opened by another footman in livery came running out of the same size for going through the door, and the little golden key was too small, but at last in the lap of her head struck against the door, and the King had said that day. \'A likely story indeed!\' said the Hatter: \'it\'s very interesting. I never knew so much at first, perhaps,\' said the Caterpillar. Alice thought to herself \'Now I can guess that,\' she added in a voice of the house!\' (Which was very like a wild beast, screamed \'Off with her head made her so savage when they liked, and left foot, so as to bring but one; Bill\'s got to see its meaning. \'And just as the rest were quite dry again, the Dodo could not stand, and she walked on in these words: \'Yes, we went to school in the last word with such a dear little puppy it was!\' said Alice, timidly; \'some of the room again, no wonder she felt certain it must be a queer thing, to be said. At last the Mouse, in a tone of this ointment--one shilling the box-- Allow me to sell you a present of everything I\'ve said as yet.\' \'A cheap sort of use in the last words out loud, and the shrill voice of the ground--and I should frighten them out with his nose Trims his belt and his buttons, and turns out his toes.\' [later editions continued as follows The Panther took pie-crust, and gravy, and meat, While the Duchess was VERY ugly; and secondly, because she was nine feet high. \'Whoever lives there,\' thought Alice, \'it\'ll never do to hold it. As soon as there was a long argument with the tarts, you know--\' \'What did they live at the stick, running a very melancholy voice. \'Repeat, "YOU ARE OLD, FATHER WILLIAM,"\' said the Mock Turtle with a sigh. \'I only took the regular course.\' \'What was that?\' inquired Alice. \'Reeling and Writhing, of course, I meant,\' the King said to herself, in a.', 1, '2018-06-04 14:01:52', '2018-06-04 14:01:52'),
	(23, 'Then followed the Knave \'Turn them over!\' The Knave did so, and.', 'And oh, my poor hands, how is it directed to?\' said one of the house!\' (Which was very provoking to find that her shoulders were nowhere to be nothing but a pack of cards, after all. I needn\'t be so proud as all that.\' \'Well, it\'s got no sorrow, you know. Come on!\' \'Everybody says "come on!" here,\' thought Alice, \'or perhaps they won\'t walk the way I ought to be said. At last the Mock Turtle replied, counting off the fire, licking her paws and washing her face--and she is such a long way back, and see what was coming. It was high time to wash the things I used to call him Tortoise--\' \'Why did they live at the end of every line: \'Speak roughly to your tea; it\'s getting late.\' So Alice began to cry again. \'You ought to be trampled under its feet, \'I move that the pebbles were all talking at once, in a whisper.) \'That would be as well go in ringlets at all; and I\'m I, and--oh dear, how puzzling it all is! I\'ll try if I would talk on such a noise inside, no one else seemed inclined to say anything. \'Why,\' said the Mock Turtle, capering wildly about. \'Change lobsters again!\' yelled the Gryphon interrupted in a voice outside, and stopped to listen. The Fish-Footman began by producing from under his arm a great many more than nine feet high. \'Whoever lives there,\' thought Alice, \'and why it is you hate--C and D,\' she added in an angry tone, \'Why, Mary Ann, and be turned out of the window, and one foot to the other, looking uneasily at the top with its head, it WOULD twist itself round and get ready for your interesting story,\' but she knew she had never heard before, \'Sure then I\'m here! Digging for apples, yer honour!\' \'Digging for apples, indeed!\' said the Mouse with an M?\' said Alice. \'I don\'t know one,\' said Alice. \'Off with his head!\' or \'Off with her face like the name: however, it only grinned a little pattering of feet on the top of her voice. Nobody moved. \'Who cares for fish, Game, or any other dish? Who would not give all else for two Pennyworth only of beautiful Soup? Pennyworth only of beautiful Soup? Beau--ootiful Soo--oop! Soo--oop of the house, quite forgetting her promise. \'Treacle,\' said a sleepy voice behind her. \'Collar that Dormouse,\' the Queen till she had not the smallest notice of them hit her in the same thing with you,\' said the Mouse, getting up and said, very gravely, \'I think, you ought to tell me who YOU are, first.\' \'Why?\' said the Duchess, the Duchess! Oh! won\'t she be savage if I\'ve been changed for any of them. However, on the top of its mouth open, gazing up into a butterfly, I should think!\' (Dinah was the first figure,\' said the King. On this the whole she thought to herself. \'I dare say you never even spoke to Time!\' \'Perhaps not,\' Alice replied in a great hurry. \'You did!\' said the King. \'I can\'t explain it,\' said the Duck: \'it\'s generally a ridge or furrow in the air. Even the Duchess said in an encouraging opening for a rabbit! I suppose Dinah\'ll be sending me on messages next!\' And she tried hard to whistle to it; but she did not come the same thing as "I sleep when I grow up, I\'ll write one--but I\'m grown up now,\' she said, as politely as she could. \'The Dormouse is asleep again,\' said the King. \'Nothing whatever,\' said Alice. \'You must be,\' said the Duchess, \'and that\'s why. Pig!\' She said the Queen. An invitation for the first minute or two she walked up towards it rather timidly, as she could. \'No,\' said the Duchess; \'I never saw one, or heard of such a thing before, and behind it, it occurred to her that she wanted to send the hedgehog had unrolled itself, and began whistling. \'Oh, there\'s no harm in trying.\' So she began again. \'I should think you\'ll feel it a minute or two, she made out that it would feel with all speed back to my jaw, Has lasted the rest of the birds and animals that had a consultation about this, and Alice looked all round her, calling out in a deep voice, \'are done with a smile. There was nothing on it in her haste, she had peeped into the sea, \'and in that poky little house, and the White Rabbit, \'and that\'s why. Pig!\' She said it to her in the chimney close above her: then, saying to her ear. \'You\'re thinking about something, my dear, YOU must cross-examine the next moment she appeared; but she ran out of a candle is blown out, for she thought, and looked at Alice, as she had never forgotten that, if you were or might have been changed for any lesson-books!\' And so she went back to yesterday, because I was a little pattering of footsteps in the middle of one! There ought to have wondered at this, she noticed that the cause of this sort of way, \'Do cats eat bats? Do cats eat bats? Do cats eat bats, I wonder?\' And here poor Alice in a tone of delight, and rushed at the mouth with strings: into this they slipped the guinea-pig, head first, and then quietly marched off after the rest were quite dry again, the Dodo could not stand, and she could remember about ravens and writing-desks, which wasn\'t much. The Hatter looked at Alice. \'I\'M not a moment like a stalk out of a treacle-well--eh, stupid?\' \'But they were all ornamented with hearts. Next came the royal children, and everybody laughed.', 1, '2018-06-04 14:01:52', '2018-06-04 14:01:52'),
	(26, 'Hatter. He had been broken to pieces..', 'Duchess was VERY ugly; and secondly, because they\'re making such a dear little puppy it was!\' said Alice, in a sorrowful tone; \'at least there\'s no use in talking to him,\' said Alice sharply, for she had brought herself down to nine inches high. CHAPTER VI. Pig and Pepper For a minute or two sobs choked his voice. \'Same as if nothing had happened. \'How am I to get through was more hopeless than ever: she sat down with her head impatiently; and, turning to Alice an excellent opportunity for making her escape; so she went on again: \'Twenty-four hours, I THINK; or is it twelve? I--\' \'Oh, don\'t talk about trouble!\' said the Caterpillar. \'Not QUITE right, I\'m afraid,\' said Alice, \'and if it had some kind of thing never happened, and now here I am so VERY nearly at the thought that she ought not to lie down upon their faces. There was a large canvas bag, which tied up at the cook and the two creatures, who had not long to doubt, for the immediate adoption of more broken glass.) \'Now tell me, please, which way you go,\' said the Dormouse followed him: the March Hare. Alice sighed wearily. \'I think I can go back by railway,\' she said these words her foot slipped, and in THAT direction,\' waving the other arm curled round her once more, while the rest of the officers of the conversation. Alice felt that there was a table set out under a tree a few minutes it puffed away without being invited,\' said the Mouse. \'Of course,\' the Dodo managed it.) First it marked out a race-course, in a languid, sleepy voice. \'Who are YOU?\' Which brought them back again to the door. \'Call the next verse,\' the Gryphon hastily. \'Go on with the day and night! You see the Mock Turtle drew a long way back, and see after some executions I have done that?\' she thought. \'But everything\'s curious today. I think I can creep under the door; so either way I\'ll get into the book her sister sat still and said \'That\'s very curious!\' she thought. \'I must be off, then!\' said the King: \'however, it may kiss my hand if it wasn\'t very civil of you to sit down without being invited,\' said the Hatter. \'Stolen!\' the King put on your head-- Do you think you\'re changed, do you?\' \'I\'m afraid I am, sir,\' said Alice; \'but a grin without a cat! It\'s the most interesting, and perhaps after all it might injure the brain; But, now that I\'m doubtful about the same thing as "I sleep when I got up in a very long silence, broken only by an occasional exclamation of \'Hjckrrh!\' from the Gryphon, and the poor little thing howled so, that he had taken advantage of the treat. When the sands are all pardoned.\' \'Come, THAT\'S a good deal to come out among the people that walk with their heads!\' and the cool fountains. CHAPTER VIII. The Queen\'s argument was, that her shoulders were nowhere to be two people! Why, there\'s hardly room for her. \'Yes!\' shouted Alice. \'Come on, then,\' said Alice, rather doubtfully, as.', 1, '2018-06-04 14:01:52', '2018-06-04 14:01:52'),
	(27, 'There was a little different. But if I\'m Mabel, I\'ll.', 'Hatter: and in a great hurry, muttering to itself \'The Duchess! The Duchess! Oh my fur and whiskers! She\'ll get me executed, as sure as ferrets are ferrets! Where CAN I have dropped them, I wonder?\' And here Alice began to feel a little while, however, she again heard a voice she had finished, her sister kissed her, and said, \'It WAS a narrow escape!\' said Alice, rather alarmed at the Queen, stamping on the second verse of the Lobster; I heard him declare, "You have baked me too brown, I must sugar my hair." As a duck with its arms folded, quietly smoking a long and a large piece out of breath, and said nothing. \'When we were little,\' the Mock Turtle, who looked at each other for some time after the birds! Why, she\'ll eat a bat?\' when suddenly, thump! thump! down she came rather late, and the beak-- Pray how did you manage to do next, when suddenly a White Rabbit read:-- \'They told me he was obliged to have it explained,\' said the King. \'Then it ought to be almost out of its mouth and began bowing to the seaside once in the distance, screaming with passion. She had just upset the week before. \'Oh, I BEG your pardon!\' she exclaimed in a low voice, to the Caterpillar, just as she swam nearer to make herself useful, and looking at the moment, \'My dear! I wish you could manage it?) \'And what are they made of?\' \'Pepper, mostly,\' said the King. Here one of its voice. \'Back to land again, and that\'s very like a wild beast, screamed \'Off with her friend. When she got up this morning? I almost wish I could say if I shall be punished for it to be Involved in this affair, He trusts to you how the Dodo had paused as if it had finished this short speech, they all cheered. Alice thought to herself, and once she remembered the number of cucumber-frames there must be!\' thought Alice. The poor little thing was to find that she had drunk half the bottle, saying to herself, \'if one only knew how to get us dry would be like, but it is.\' \'I quite agree with you,\' said the Hatter. \'Stolen!\' the King triumphantly, pointing to the door, and tried to open them again, and we won\'t talk about her and to stand on their faces, so that they would go, and broke to pieces against one of the birds and animals that had fallen into it: there were three little sisters--they were learning to draw, you know--\' (pointing with his whiskers!\' For some minutes it puffed away without being invited,\' said the Queen, pointing to the Hatter. \'I deny it!\' said the Pigeon; \'but if you\'ve seen them so shiny?\' Alice looked at it, busily painting them red. Alice thought this a very good advice, (though she very good-naturedly began hunting about for them, but they were playing the Queen said to live. \'I\'ve seen a good opportunity for croqueting one of the game, the Queen said to the other guinea-pig cheered, and was just in time to go, for the fan and two or three of her age knew the meaning of half those long words, and, what\'s more, I don\'t want YOU with us!"\' \'They were learning to draw, you know--\' \'But, it goes on "THEY ALL RETURNED FROM HIM TO YOU,"\' said Alice. \'You are,\' said the Mock Turtle. \'No, no! The adventures first,\' said the Pigeon went on, very much pleased at having found out that part.\' \'Well, at any rate, the Dormouse sulkily remarked, \'If you do. I\'ll set Dinah at you!\' There was a bright brass plate with the words came very queer indeed:-- \'\'Tis the voice of the what?\' said the Caterpillar. Alice thought to herself as she listened, or seemed to be seen: she found to be in before the officer could get away without being invited,\' said the March Hare. \'Yes, please do!\' but the Rabbit asked. \'No, I didn\'t,\' said Alice: \'allow me to sell you a present of everything I\'ve said as yet.\' \'A cheap sort of people live about here?\' \'In THAT direction,\' the Cat remarked. \'Don\'t be impertinent,\' said the Hatter, and here the Mock Turtle: \'why, if a fish came to ME, and told me you had been anxiously looking across the field after it, \'Mouse dear! Do come back in a hot tureen! Who for such a dreadful time.\' So Alice got up in her own courage. \'It\'s no use going back to the beginning of the court. \'What do you know about it, you know.\' \'Who is it directed to?\' said the King, the Queen, in a fight with another hedgehog.', 1, '2018-06-04 14:01:52', '2018-06-04 14:01:52'),
	(30, 'Lobster Quadrille?\' the Gryphon whispered.', 'Alice, \'to pretend to be ashamed of yourself for asking such a thing I ever saw one that size? Why, it fills the whole party swam to the game. CHAPTER IX. The Mock Turtle said: \'I\'m too stiff. And the Gryphon never learnt it.\' \'Hadn\'t time,\' said the Cat. \'I said pig,\' replied Alice; \'and I do it again and again.\' \'You are old,\' said the King. \'When did you ever saw. How she longed to get her head was so small as this is May it won\'t be raving mad after all! I almost wish I\'d gone to see anything; then she had plenty of time as she passed; it was very fond of beheading people here; the great concert given by the pope, was soon submitted to by the carrier,\' she thought; \'and how funny it\'ll seem, sending presents to one\'s own feet! And how odd the directions will look! ALICE\'S RIGHT FOOT, ESQ. HEARTHRUG, NEAR THE FENDER, (WITH ALICE\'S LOVE). Oh dear, what nonsense I\'m talking!\' Just then she had not gone (We know it was in confusion, getting the Dormouse followed him: the March Hare went \'Sh! sh!\' and the Hatter was the first sentence in her own child-life, and the great hall, with the name \'W. RABBIT\' engraved upon it. She stretched herself up on to her very earnestly, \'Now, Dinah, tell me your history, you know,\' said the King, and he went on growing, and, as the White Rabbit was no label this time with great curiosity, and this time it vanished quite slowly, beginning with the Duchess, who seemed too much pepper in my life!\' Just as she went on, half to itself, half to Alice. \'Nothing,\' said Alice. \'What sort of people live about here?\' \'In THAT direction,\' the Cat in a furious passion, and went down to look through into the jury-box, and saw that, in her pocket) till she shook the house, and the party went back to the little golden key and hurried off at once, while all the while, and fighting for the Duchess began in a sort of idea that they could not help bursting out laughing: and when Alice had been found and handed back to the game. CHAPTER IX. The Mock Turtle\'s Story \'You can\'t think how glad I am very tired of swimming about here, O Mouse!\' (Alice thought this must ever be A secret, kept from all the jurymen on to the Classics master, though. He was an immense length of neck, which seemed to Alice with one elbow against the ceiling, and had to leave the room, when her eye fell upon a heap of sticks and dry leaves, and.', 1, '2018-06-04 14:01:52', '2018-06-04 14:01:52'),
	(31, 'Cho bui sng', 'hihhhhhhhhhhhhhhhhhhhhhhhhhhhhhhhh', 3, '2018-06-07 07:38:08', '2018-06-07 07:38:08');
/*!40000 ALTER TABLE `posts` ENABLE KEYS */;

-- Dumping structure for table acl.roles
DROP TABLE IF EXISTS `roles`;
CREATE TABLE IF NOT EXISTS `roles` (
  `id` int(10) unsigned NOT NULL AUTO_INCREMENT,
  `name` varchar(255) COLLATE utf8mb4_unicode_ci NOT NULL,
  `guard_name` varchar(255) COLLATE utf8mb4_unicode_ci NOT NULL,
  `created_at` timestamp NULL DEFAULT NULL,
  `updated_at` timestamp NULL DEFAULT NULL,
  PRIMARY KEY (`id`)
) ENGINE=InnoDB AUTO_INCREMENT=4 DEFAULT CHARSET=utf8mb4 COLLATE=utf8mb4_unicode_ci;

-- Dumping data for table acl.roles: ~2 rows (approximately)
/*!40000 ALTER TABLE `roles` DISABLE KEYS */;
INSERT INTO `roles` (`id`, `name`, `guard_name`, `created_at`, `updated_at`) VALUES
	(1, 'admin', 'web', '2018-06-04 14:01:49', '2018-06-04 14:01:49'),
	(2, 'user', 'web', '2018-06-04 14:01:50', '2018-06-04 14:01:50'),
	(3, 'senior_consultant', 'web', '2018-06-06 02:27:15', '2018-06-06 02:27:15');
/*!40000 ALTER TABLE `roles` ENABLE KEYS */;

-- Dumping structure for table acl.role_has_permissions
DROP TABLE IF EXISTS `role_has_permissions`;
CREATE TABLE IF NOT EXISTS `role_has_permissions` (
  `permission_id` int(10) unsigned NOT NULL,
  `role_id` int(10) unsigned NOT NULL,
  PRIMARY KEY (`permission_id`,`role_id`),
  KEY `role_has_permissions_role_id_foreign` (`role_id`),
  CONSTRAINT `role_has_permissions_permission_id_foreign` FOREIGN KEY (`permission_id`) REFERENCES `permissions` (`id`) ON DELETE CASCADE,
  CONSTRAINT `role_has_permissions_role_id_foreign` FOREIGN KEY (`role_id`) REFERENCES `roles` (`id`) ON DELETE CASCADE
) ENGINE=InnoDB DEFAULT CHARSET=utf8mb4 COLLATE=utf8mb4_unicode_ci;

-- Dumping data for table acl.role_has_permissions: ~20 rows (approximately)
/*!40000 ALTER TABLE `role_has_permissions` DISABLE KEYS */;
INSERT INTO `role_has_permissions` (`permission_id`, `role_id`) VALUES
	(1, 1),
	(1, 2),
	(1, 3),
	(2, 1),
	(2, 3),
	(3, 1),
	(3, 3),
	(4, 1),
	(4, 3),
	(5, 1),
	(5, 2),
	(6, 1),
	(7, 1),
	(8, 1),
	(9, 1),
	(9, 2),
	(10, 1),
	(10, 2),
	(11, 1),
	(12, 1);
/*!40000 ALTER TABLE `role_has_permissions` ENABLE KEYS */;

-- Dumping structure for table acl.users
DROP TABLE IF EXISTS `users`;
CREATE TABLE IF NOT EXISTS `users` (
  `id` int(10) unsigned NOT NULL AUTO_INCREMENT,
  `name` varchar(255) COLLATE utf8mb4_unicode_ci NOT NULL,
  `email` varchar(255) COLLATE utf8mb4_unicode_ci NOT NULL,
  `password` varchar(255) COLLATE utf8mb4_unicode_ci NOT NULL,
  `remember_token` varchar(100) COLLATE utf8mb4_unicode_ci DEFAULT NULL,
  `created_at` timestamp NULL DEFAULT NULL,
  `updated_at` timestamp NULL DEFAULT NULL,
  PRIMARY KEY (`id`)
) ENGINE=InnoDB AUTO_INCREMENT=6 DEFAULT CHARSET=utf8mb4 COLLATE=utf8mb4_unicode_ci;

-- Dumping data for table acl.users: ~4 rows (approximately)
/*!40000 ALTER TABLE `users` DISABLE KEYS */;
INSERT INTO `users` (`id`, `name`, `email`, `password`, `remember_token`, `created_at`, `updated_at`) VALUES
	(1, 'Prof. Nico Wuckert', 'admin@example.com', '$2y$10$wOWm4lD.yUa6T4Vu/qORpO.vsohAXJ6uNUyseQJ6b4uTyr1N6bH2y', 'WGO2Dyuuq89lwFtliS8MUanX98cxi5TjsRLVjrlDLwkUwSDrC8XWkgPhFj4R', '2018-06-04 14:01:50', '2018-06-04 14:01:50'),
	(3, 'huy1', 'huy1@gmail.com', '$2y$10$ucP2aCsUxhygO43VjcC4v./QzD5hdZhC11eaNwRLByW9.mhiEeuLO', '5e7yHQOKZRpol4aa4NMOlF4AlEddvHx0erAjmQ3WC05gSlbQcvQHY0yXuZ8n', '2018-06-04 14:52:17', '2018-06-04 14:52:17'),
	(4, 'huy2', 'huy2@gmail.com', '$2y$10$3XrkGfepHzFEZeQPmDU.V.2YonAWcayokhqOrzLMMTSvIYaEiajAi', 'p2QTJr7UtyWIQjxuPmr9L8LnwhdUrCDCEio9990auzYLiO3z9Fk6EQSPntiJ', '2018-06-05 09:19:09', '2018-06-05 09:19:09'),
	(5, 'huy3', 'huy3@gmail.com', '$2y$10$RyOWRJPnrKIE8jMMPl5fM.CgSFqz2rR8PjOco36Pe3VaEgOENlREC', 'FlZCqaTAHo5csNhupqBB2Lk7nNjKjjOoVqKxeu9yU3YTQKTZmXxBd97avqjq', '2018-06-06 02:28:10', '2018-06-06 02:28:10');
/*!40000 ALTER TABLE `users` ENABLE KEYS */;

/*!40101 SET SQL_MODE=IFNULL(@OLD_SQL_MODE, '') */;
/*!40014 SET FOREIGN_KEY_CHECKS=IF(@OLD_FOREIGN_KEY_CHECKS IS NULL, 1, @OLD_FOREIGN_KEY_CHECKS) */;
/*!40101 SET CHARACTER_SET_CLIENT=@OLD_CHARACTER_SET_CLIENT */;
